[
  {
    "Type": "Armor",
    "X": -16.0,
    "Y": 60.0,
    "Scale": 1.0,
    "HorizontalFacing": "Middle",
    "VerticalFacing": "Down",
    "Alignment": "Horizontal"
  },
  {
    "Type": "Notifications",
    "X": -1.0,
    "Y": 10.0,
    "Scale": 1.0,
    "HorizontalFacing": "Right",
    "VerticalFacing": "Down"
  },
  {
    "Type": "Scoreboard",
    "X": 8.0,
    "Y": -18.0,
    "Scale": 1.0,
    "HorizontalFacing": "Right",
    "VerticalFacing": "Middle",
    "Text-R": 255,
    "Text-G": 255,
    "Text-B": 255,
    "Background-R": 0,
    "Background-G": 0,
    "Background-B": 0,
    "Background-Alpha": 95,
    "Rect": false,
    "Rect-Color": "Rainbow",
    "Rect-R": 0,
    "Rect-G": 111,
    "Rect-B": 255,
    "Rect-Alpha": 255,
    "Shadow": true,
    "Font": {
      "fontName": "Minecraft Font",
      "fontSize": -1
    }
  },
  {
    "Type": "Arraylist",
    "X": -349.0,
    "Y": 249.0,
    "Scale": 1.1499999,
    "HorizontalFacing": "Middle",
    "VerticalFacing": "Middle",
    "BRainbowSpeed": 90,
    "BRainbow-Saturation": 1.0,
    "BRainbow-Brightness": 1.0,
    "BRainbow-R": 0,
    "BRainbow-B": 50,
    "BRainbow-G": 50,
    "Rainbow-X": -976.7442,
    "Rainbow-Y": -1000.0,
    "Text-Color": "OtherRainbow",
    "Text-R": 0,
    "Text-G": 0,
    "Text-B": 0,
    "TwoRainbow": 1.0,
    "Rect-Color": "ALLRainbow",
    "Rect-R": 255,
    "Rect-G": 124,
    "Rect-B": 255,
    "Rect-Alpha": 255,
    "Random-Saturation": 0.9,
    "Random-Brightness": 1.0,
    "Tags": true,
    "ShadowText": true,
    "Background-Color": "Custom",
    "Background-R": 0,
    "Background-G": 41,
    "Background-B": 66,
    "Background-Alpha": 83,
    "BackGroundWidth": 14,
    "Rect": "Right",
    "UpperCase": false,
    "Space": 0.0,
    "TextHeight": 10.94186,
    "TextY": 1.0,
    "TagsArrayColor": true,
    "NameBreak": true,
    "Font": {
      "fontName": "Roboto Medium",
      "fontSize": 35
    }
  },
  {
    "Type": "Target",
    "X": 234.0,
    "Y": 217.0,
    "Scale": 1.2499998,
    "HorizontalFacing": "Left",
    "VerticalFacing": "Up",
    "FadeSpeed": 3.9268293
  }
]
