[
  {
    "Type": "Armor",
    "X": -17.0,
    "Y": 59.0,
    "Scale": 1.0,
    "HorizontalFacing": "Middle",
    "VerticalFacing": "Down",
    "Alignment": "Horizontal"
  },
  {
    "Type": "Effects",
    "X": 905.0,
    "Y": 273.0,
    "Scale": 1.0999999,
    "HorizontalFacing": "Right",
    "VerticalFacing": "Down",
    "Font": {
      "fontName": "Roboto Medium",
      "fontSize": 35
    },
    "Shadow": true
  },
  {
    "Type": "Arraylist",
    "X": -1.0,
    "Y": 1.0,
    "Scale": 1.0,
    "HorizontalFacing": "Right",
    "VerticalFacing": "Up",
    "BRainbowSpeed": 90,
    "BRainbow-Saturation": 1.0,
    "BRainbow-Brightness": 1.0,
    "BRainbow-R": 215,
    "BRainbow-B": 64,
    "BRainbow-G": 53,
    "Rainbow-X": -833.3334,
    "Rainbow-Y": -500.0,
    "Text-Color": "LRainbow",
    "Text-R": 0,
    "Text-G": 111,
    "Text-B": 255,
    "R2": 0,
    "G2": 111,
    "B2": 255,
    "GidentSpeed": 1,
    "TwoRainbow": 1.0,
    "Rect-Color": "LRainbow",
    "Rect-R": 255,
    "Rect-G": 255,
    "Rect-B": 255,
    "Rect-Alpha": 255,
    "Random-Saturation": 0.9,
    "Random-Brightness": 1.0,
    "Tags": true,
    "ShadowText": true,
    "Background-Color": "Custom",
    "Background-R": 0,
    "Background-G": 0,
    "Background-B": 0,
    "Background-Alpha": 69,
    "BackGroundWidth": 2,
    "Rect": "Left",
    "UpperCase": false,
    "Space": 0.0,
    "TextHeight": 11.0,
    "TextY": 1.0,
    "TagsArrayColor": false,
    "NameBreak": false,
    "Font": {
      "fontName": "Bold",
      "fontSize": 40
    }
  },
  {
    "Type": "GameInfo",
    "X": 2.0,
    "Y": 65.0,
    "Scale": 1.0,
    "HorizontalFacing": "Left",
    "VerticalFacing": "Up",
    "BackgroundRed": 255,
    "BackgroundGreen": 255,
    "BackgroundBlue": 255,
    "BackgroundAlpha": 20,
    "RectRed": 255,
    "RectGreen": 255,
    "RectBlue": 255,
    "RectAlpha": 35,
    "TextRed": 244,
    "TextBlue": 255,
    "Textalpha": 255
  },
  {
    "Type": "Target",
    "X": 525.0,
    "Y": 275.0,
    "Scale": 1.0,
    "HorizontalFacing": "Left",
    "VerticalFacing": "Up",
    "FadeSpeed": 2.0,
    "Red": 255,
    "Green": 255,
    "Blue": 255,
    "R2": 0,
    "G2": 111,
    "B2": 255,
    "GidentSpeed": 100,
    "Distance": 0,
    "Amount": 25
  },
  {
    "Type": "Notifications",
    "X": -1.0,
    "Y": 40.0,
    "Scale": 1.0,
    "HorizontalFacing": "Right",
    "VerticalFacing": "Down",
    "BackGroundAlpha": 170,
    "Font": {
      "fontName": "Roboto Medium",
      "fontSize": 35
    }
  },
  {
    "Type": "Scoreboard",
    "X": 5.0,
    "Y": 0.0,
    "Scale": 1.0,
    "HorizontalFacing": "Right",
    "VerticalFacing": "Middle",
    "Text-R": 255,
    "Text-G": 255,
    "Text-B": 255,
    "Background-R": 0,
    "Background-G": 0,
    "Background-B": 0,
    "Background-Alpha": 0,
    "Rect": false,
    "Rect-Color": "Custom",
    "Rect-R": 0,
    "Rect-G": 111,
    "Rect-B": 255,
    "Rect-Alpha": 255,
    "Shadow": false,
    "Font": {
      "fontName": "Minecraft Font",
      "fontSize": -1
    }
  }
]
