{
  "CommandPrefix": ".",
  "ShowRichPresence": true,
  "targets": {
    "TargetPlayer": true,
    "TargetMobs": false,
    "TargetAnimals": false,
    "TargetInvisible": false,
    "TargetDead": false
  },
  "features": {
    "AntiForge": false,
    "AntiForgeFML": false,
    "AntiForgeProxy": false,
    "AntiForgePayloads": false,
    "BungeeSpoof": false,
    "AutoReconnectDelay": 60000
  },
  "thealtening": {
    "API-Key": ""
  },
  "liquidchat": {
    "token": ""
  },
  "DonatorCape": {
    "TransferCode": "",
    "CapeEnabled": true
  },
  "Background": {
    "Enabled": true,
    "Particles": false
  },
  "Aimbot": {
    "Range": 4.4,
    "TurnSpeed": 2.0,
    "FOV": 180.0,
    "Center": false,
    "Lock": true,
    "OnClick": false,
    "Jitter": false
  },
  "AntiAFK": {
    "Mode": "Random",
    "SwingDelay": 100,
    "RotationDelay": 100,
    "RotationAngle": 1.0,
    "Jump": true,
    "Move": true,
    "Rotate": true,
    "Swing": true
  },
  "AntiBlind": {
    "Confusion": true,
    "Pumpkin": true,
    "Fire": false
  },
  "AntiBot": {
    "Tab": false,
    "TabMode": "Contains",
    "EntityID": false,
    "Color": false,
    "LivingTime": true,
    "LivingTimeTicks": 17,
    "Ground": true,
    "Air": false,
    "InvalidGround": false,
    "Swing": false,
    "Health": false,
    "Derp": true,
    "WasInvisible": false,
    "Armor": false,
    "Ping": false,
    "NeedHit": false,
    "DuplicateInWorld": false,
    "DuplicateInTab": false,
    "AlwaysInRadius": false,
    "AlwaysInRadiusBlocks": 20.0
  },
  "AtAllProvider": {
    "MinDelay": 500,
    "MaxDelay": 1000,
    "Retry": false
  },
  "AutoArmor": {
    "MinDelay": 100,
    "MaxDelay": 200,
    "InvOpen": false,
    "SimulateInventory": true,
    "NoMove": false,
    "ItemDelay": 0,
    "Hotbar": true
  },
  "AutoBow": {
    "WaitForBowAimbot": true
  },
  "AutoClicker": {
    "MaxCPS": 8,
    "MinCPS": 5,
    "Right": true,
    "Left": true,
    "Jitter": false
  },
  "AutoLeave": {
    "Health": 8.0,
    "Mode": "Quit"
  },
  "AutoLobby": {
    "Health": 5.0,
    "CanHubChat": false,
    "RandomHub": false,
    "HubChat": "[Pride1.12.2] Bypass",
    "AutoDisable-KillAura-Velocity-Speed": true,
    "KeepArmor": true
  },
  "AutoPot": {
    "Health": 15.0,
    "Delay": 500,
    "OpenInv": false,
    "SimulateInventory": true,
    "GroundDistance": 2.0,
    "Mode": "Normal"
  },
  "AutoRespawn": {
    "Instant": true
  },
  "AutoSoup": {
    "Health": 15.0,
    "Delay": 150,
    "OpenInv": false,
    "SimulateInventory": true,
    "Bowl": "Drop"
  },
  "AutoWeapon": {
    "SpoofItem": false,
    "SpoofTicks": 10
  },
  "Blink": {
    "Pulse": false,
    "PulseDelay": 1000
  },
  "BlockESP": {
    "Mode": "Box",
    "Block": 26,
    "Radius": 40,
    "BlockLimit": 256,
    "R": 255,
    "G": 255,
    "B": 255,
    "Rainbow": false
  },
  "BlockOverlay": {
    "R": 255,
    "G": 255,
    "B": 255,
    "Rainbow": false,
    "Info": false
  },
  "BlockWalk": {
    "Cobweb": true,
    "Snow": true
  },
  "BowAimbot": {
    "Silent": true,
    "Predict": true,
    "ThroughWalls": false,
    "PredictSize": 2.0,
    "Priority": "Direction",
    "Mark": true
  },
  "Breadcrumbs": {
    "R": 255,
    "G": 179,
    "B": 72,
    "Rainbow": false
  },
  "BufferSpeed": {
    "SpeedLimit": true,
    "MaxSpeed": 2.0,
    "Buffer": true,
    "Stairs": true,
    "StairsBoost": 1.87,
    "StairsMode": "New",
    "Slabs": true,
    "SlabsBoost": 1.87,
    "SlabsMode": "New",
    "Ice": false,
    "IceBoost": 1.342,
    "Snow": true,
    "SnowBoost": 1.87,
    "SnowPort": true,
    "Wall": true,
    "WallBoost": 1.87,
    "WallMode": "New",
    "HeadBlock": true,
    "HeadBlockBoost": 1.87,
    "Slime": true,
    "AirStrafe": false,
    "NoHurt": true
  },
  "BugUp": {
    "Mode": "FlyFlag",
    "MaxFallDistance": 10,
    "MaxDistanceToSetback": 2.5,
    "Indicator": true
  },
  "Cape": {
    "Style": "Dark"
  },
  "Chams": {
    "Targets": true,
    "Chests": true,
    "Items": false
  },
  "ChestAura": {
    "Range": 5.0,
    "Delay": 100,
    "ThroughWalls": true,
    "VisualSwing": true,
    "Chest": 54,
    "Rotations": true
  },
  "ChestStealer": {
    "MaxDelay": 200,
    "MinDelay": 150,
    "DelayOnFirst": false,
    "TakeRandomized": false,
    "OnlyItems": false,
    "NoCompass": false,
    "AutoClose": true,
    "AutoCloseMaxDelay": 0,
    "AutoCloseMinDelay": 0,
    "CloseOnFull": true,
    "ChestTitle": false
  },
  "CivBreak": {
    "Range": 5.0,
    "Rotations": true,
    "VisualSwing": true,
    "Air-Reset": true,
    "Range-Reset": true
  },
  "ClickGUI": {
    "Style": "LiquidBounce",
    "Scale": 0.74,
    "MaxElements": 4,
    "R": 0,
    "G": 160,
    "B": 255,
    "Rainbow": false,
    "Background": "Default",
    "Animation": "None"
  },
  "Clip": {
    "Mode": "Teleport",
    "Horizontal": 0.0,
    "Vertical": 5.0
  },
  "ConsoleSpammer": {
    "Mode": "Payload",
    "Delay": 0
  },
  "Criticals": {
    "Mode": "TPHop",
    "Delay": 0,
    "SendC06": false,
    "HurtTime": 10
  },
  "Damage": {
    "Mode": "NCP",
    "Damage": 1
  },
  "Derp": {
    "Headless": false,
    "Spinny": false,
    "Increment": 1.0
  },
  "ESP": {
    "Mode": "2D",
    "Outline-Width": 3.0,
    "WireFrame-Width": 2.0,
    "ShaderOutline-Radius": 1.35,
    "ShaderGlow-Radius": 2.3,
    "R": 255,
    "G": 255,
    "B": 255,
    "Rainbow": false,
    "Team": true,
    "Bots": true
  },
  "FastBow": {
    "Packets": 20
  },
  "FastBreak": {
    "BreakDamage": 0.8
  },
  "FastClimb": {
    "Mode": "Vanilla",
    "Speed": 0.2872
  },
  "FastPlace": {
    "Speed": 2
  },
  "FastStairs": {
    "Mode": "NCP",
    "LongJump": false
  },
  "FastUse": {
    "Mode": "Custom",
    "NoMove": true,
    "CustomDelay": 42,
    "CustomSpeed": 5,
    "CustomTimer": 0.82
  },
  "Fly": {
    "Mode": "Vanilla",
    "VanillaSpeed": 2.0,
    "VanillaKickBypass": false,
    "NCPMotion": 0.0,
    "AAC1.9.10-Speed": 0.3,
    "AAC3.0.5-Fast": true,
    "AAC3.3.12-Motion": 10.0,
    "AAC3.3.13-Motion": 10.0,
    "Hypixel-Boost": true,
    "Hypixel-BoostDelay": 1200,
    "Hypixel-BoostTimer": 1.0,
    "MineplexSpeed": 1.0,
    "NeruxVace-Ticks": 6,
    "Redesky-Height": 4.0,
    "Mark": true
  },
  "FreeCam": {
    "Speed": 0.8,
    "Fly": true,
    "NoClip": true
  },
  "Fucker": {
    "Block": 26,
    "ThroughWalls": "None",
    "Range": 6.0,
    "Action": "Destroy",
    "Instant": false,
    "SwitchDelay": 117,
    "Swing": true,
    "Rotations": false,
    "Surroundings": false,
    "NoHit": true
  },
  "Fullbright": {
    "Mode": "Gamma"
  },
  "GhostHand": {
    "Block": 54
  },
  "HUD": {
    "BlackHotbar": true,
    "InventoryParticle": false,
    "Blur": false,
    "FontChat": false,
    "LogMode": "idk",
    "ClientName": "Natuarl",
    "DevName": "ChaoXi"
  },
  "HighJump": {
    "Height": 2.0,
    "Mode": "Vanilla",
    "OnlyGlassPane": false
  },
  "HitBox": {
    "Size": 0.4
  },
  "HytGetName": {
    "GetNameMode": "4V4/1V1",
    "ClientName": "Natuarl"
  },
  "IceSpeed": {
    "Mode": "NCP"
  },
  "Ignite": {
    "Lighter": true,
    "Lava": true
  },
  "InventoryCleaner": {
    "MaxDelay": 600,
    "MinDelay": 400,
    "InvOpen": false,
    "SimulateInventory": true,
    "NoMove": false,
    "IgnoreVehicles": false,
    "Hotbar": true,
    "RandomSlot": false,
    "Sort": true,
    "ItemDelay": 0,
    "SortSlot-1": "Sword",
    "SortSlot-2": "Bow",
    "SortSlot-3": "Pickaxe",
    "SortSlot-4": "Axe",
    "SortSlot-5": "None",
    "SortSlot-6": "None",
    "SortSlot-7": "Food",
    "SortSlot-8": "Block",
    "SortSlot-9": "Block"
  },
  "InventoryMove": {
    "Undetectable": false,
    "AACAdditionPro": false,
    "NoMoveClicks": false
  },
  "ItemESP": {
    "Mode": "ShaderGlow",
    "ShaderRadius": 2.0,
    "R": 255,
    "G": 255,
    "B": 255,
    "Rainbow": false
  },
  "ItemTeleport": {
    "Mode": "New",
    "ResetAfterTP": true,
    "Button": "Middle"
  },
  "KeepAlive": {
    "Mode": "/heal"
  },
  "Kick": {
    "Mode": "Quit"
  },
  "KillAura": {
    "MaxCPS": 10,
    "MinCPS": 8,
    "HurtTime": 10,
    "Cooldown": 0.0,
    "Range": 3.62,
    "BlockRange": 3.62,
    "ThroughWallsRange": 0.0,
    "RangeSprintReducement": 0.0,
    "Priority": "Direction",
    "TargetMode": "Switch",
    "Swing": true,
    "KeepSprint": true,
    "DelayedBlock": false,
    "BlockMode": "Packet",
    "BlockRate": 100,
    "RayCast": true,
    "RayCastIgnored": false,
    "LivingRayCast": false,
    "AAC": false,
    "MaxTurnSpeed": 180.0,
    "MinTurnSpeed": 180.0,
    "SilentRotation": true,
    "Strafe": "Silent",
    "RandomCenter": true,
    "Outborder": false,
    "FOV": 103.3,
    "Predict": true,
    "MaxPredictSize": 1.0,
    "MinPredictSize": 1.0,
    "FailRate": 0.0,
    "FakeSwing": false,
    "NoInvAttack": false,
    "NoInvDelay": 200,
    "LimitedMultiTargets": 0,
    "CircleRadius": 1.0,
    "Mark": "Circle",
    "FakeSharp": true,
    "Circle": true,
    "CircleRed": 255,
    "CircleGreen": 255,
    "CircleBlue": 255,
    "CircleAlpha": 255,
    "CircleAccuracy": 20
  },
  "LiquidChat": {
    "JWT": false
  },
  "LiquidWalk": {
    "Mode": "NCP",
    "NoJump": false,
    "AACFlyMotion": 0.5
  },
  "LongJump": {
    "Mode": "NCP",
    "NCPBoost": 4.25,
    "AutoJump": false
  },
  "MotionBlur": {
    "BlurAmount": 2
  },
  "NameProtect": {
    "AllPlayers": false,
    "SkinProtect": true,
    "FakeName": "\u0026cMe"
  },
  "NameTags": {
    "Health": true,
    "Ping": true,
    "Distance": false,
    "Armor": true,
    "ClearNames": false,
    "Font": {
      "fontName": "Roboto Medium",
      "fontSize": 40
    },
    "Border": false,
    "Scale": 1.0,
    "Bots": true
  },
  "NoFOV": {
    "FOV": 1.28
  },
  "NoFall": {
    "Mode": "SpoofGround",
    "MinMLGHeight": 5.0
  },
  "NoFucker": {
    "Debug": false,
    "auto": true,
    "ClientName": "eTERNAL"
  },
  "NoPitchLimit": {
    "ServerSide": true
  },
  "NoRotateSet": {
    "Confirm": true,
    "ConfirmIllegalRotation": false,
    "NoZero": false
  },
  "NoSlowBreak": {
    "Air": true,
    "Water": false
  },
  "NoSlowDown": {
    "PacketMode": "AAC5",
    "BlockForwardMultiplier": 1.0,
    "BlockStrafeMultiplier": 1.0,
    "ConsumeForwardMultiplier": 1.0,
    "ConsumeStrafeMultiplier": 1.0,
    "BowForwardMultiplier": 1.0,
    "BowStrafeMultiplier": 1.0,
    "CustomOnGround": false,
    "CustomDelay": 60,
    "Soulsand": true
  },
  "NoSwing": {
    "ServerSide": true
  },
  "NoWeb": {
    "Mode": "Rewi"
  },
  "Nuker": {
    "Radius": 5.2,
    "ThroughWalls": false,
    "Priority": "Distance",
    "Rotations": true,
    "Layer": false,
    "HitDelay": 4,
    "Nuke": 1,
    "NukeDelay": 1
  },
  "OldHitSetting": {
    "itemPosX": 0.24,
    "itemPosY": -0.17,
    "itemPosZ": 0.1,
    "Scale": 1.31
  },
  "OldHitting": {
    "Mode": "Vanilla"
  },
  "Phase": {
    "Mode": "Vanilla"
  },
  "Projectiles": {
    "Color": "Custom",
    "R": 255,
    "G": 255,
    "B": 255
  },
  "ProphuntESP": {
    "Mode": "OtherBox",
    "ShaderOutline-Radius": 1.35,
    "ShaderGlow-Radius": 2.3,
    "R": 255,
    "G": 255,
    "B": 255,
    "Rainbow": false
  },
  "Reach": {
    "CombatReach": 3.5,
    "BuildReach": 5.0
  },
  "Regen": {
    "Mode": "Vanilla",
    "Health": 18,
    "Food": 18,
    "Speed": 100,
    "NoAir": false,
    "PotionEffect": false
  },
  "ReverseStep": {
    "Motion": 1.0
  },
  "Rotations": {
    "Body": true
  },
  "SafeWalk": {
    "AirSafe": false
  },
  "Scaffold": {
    "Mode": "Normal",
    "MaxDelay": 86,
    "MinDelay": 75,
    "PlaceableDelay": true,
    "AutoBlock": "Pick",
    "Sprint": false,
    "Swing": true,
    "Search": false,
    "Down": false,
    "Picker": false,
    "PlaceTiming": "Pre",
    "Eagle": "Off",
    "BlocksToEagle": 0,
    "EagleEdgeDistance": 0.2,
    "ExpandLength": 5,
    "RotationStrafe": true,
    "RotationMode": "StaticYaw",
    "SilentRotation": true,
    "KeepRotation": true,
    "KeepRotationLength": 0,
    "StaticPitchOffset": 86.0,
    "StaticYawOffset": 0.0,
    "xzRange": 0.8,
    "yRange": 0.8,
    "SearchAccuracy": 8,
    "MaxTurnSpeed": 180.0,
    "MinTurnSpeed": 180.0,
    "Zitter": false,
    "ZitterMode": "Teleport",
    "ZitterSpeed": 0.13,
    "ZitterStrength": 0.072,
    "Timer": 0.85,
    "SpeedModifier": 0.39,
    "Slow": false,
    "SlowSpeed": 0.6,
    "SameY": false,
    "SafeWalk": true,
    "AirSafe": false,
    "Counter": true,
    "Mark": true
  },
  "ServerCrasher": {
    "Mode": "Book"
  },
  "SkinDerp": {
    "Delay": 0,
    "Hat": true,
    "Jacket": true,
    "LeftPants": true,
    "RightPants": true,
    "LeftSleeve": true,
    "RightSleeve": true
  },
  "SlimeJump": {
    "Motion": 0.42,
    "Mode": "Add"
  },
  "Sneak": {
    "Mode": "MineSecure",
    "StopMove": false
  },
  "Spammer": {
    "MaxDelay": 5000,
    "MinDelay": 5000,
    "Message": "@",
    "Custom": true
  },
  "Speed": {
    "Mode": "NCPBHop",
    "CustomSpeed": 1.6,
    "CustomY": 0.0,
    "CustomTimer": 1.0,
    "CustomStrafe": true,
    "CustomResetXZ": false,
    "CustomResetY": false,
    "AAC-PortLength": 1.0,
    "AACGround-Timer": 3.0,
    "CubeCraft-PortLength": 1.0,
    "MineplexGround-Speed": 0.5
  },
  "Sprint": {
    "AllDirections": false,
    "Blindness": false,
    "Food": false,
    "CheckServerSide": false,
    "CheckServerSideOnlyGround": false
  },
  "Step": {
    "Mode": "NCP",
    "Height": 1.0,
    "JumpHeight": 0.42,
    "Delay": 0
  },
  "StorageESP": {
    "Mode": "Outline",
    "Chest": true,
    "EnderChest": true,
    "Furnace": true,
    "Dispenser": true,
    "Hopper": true,
    "ShulkerBox": true
  },
  "Strafe": {
    "Strength": 0.5,
    "NoMoveStop": false,
    "OnGroundStrafe": false,
    "AllDirectionsJump": false
  },
  "SuperKnockback": {
    "HurtTime": 10
  },
  "TNTBlock": {
    "Fuse": 10,
    "Range": 9.0,
    "AutoSword": true
  },
  "TargetStrafe": {
    "RenderMode": "Pentagon",
    "ThirdPersonView": false,
    "Radius": 0.1,
    "HoldSpace": false,
    "OnlySpeed": false,
    "keyFly": false
  },
  "Teams": {
    "ScoreboardTeam": true,
    "Color": true,
    "GommeSW": false,
    "ArmorColor": true
  },
  "Teleport": {
    "IgnoreNoCollision": true,
    "Mode": "Blink",
    "Button": "Middle"
  },
  "Timer": {
    "Speed": 2.0,
    "OnMove": true
  },
  "Title": {
    "SetTitle": "Natuarl",
    "Copywriting": "��ϫ"
  },
  "Tower": {
    "Mode": "Motion",
    "AutoBlock": "Spoof",
    "Swing": true,
    "StopWhenBlockAbove": false,
    "Rotations": true,
    "KeepRotation": false,
    "OnJump": false,
    "Matrix": false,
    "PlaceTiming": "Post",
    "Timer": 1.0,
    "JumpMotion": 0.42,
    "JumpDelay": 0,
    "ConstantMotion": 0.42,
    "ConstantMotionJumpGround": 0.79,
    "TeleportHeight": 1.15,
    "TeleportDelay": 0,
    "TeleportGround": true,
    "TeleportNoMotion": false,
    "Counter": true
  },
  "Tracers": {
    "Color": "Custom",
    "Thickness": 2.0,
    "R": 0,
    "G": 160,
    "B": 255,
    "Bots": true
  },
  "Trail": {
    "Type": "Line",
    "R": 255,
    "G": 255,
    "B": 255,
    "Alpha": 255,
    "Rainbow": false,
    "Fade": true,
    "DrawThePlayer": true,
    "DrawTargets": true,
    "FadeTime": 5,
    "Precision": 1,
    "LineWidth": 1,
    "SphereScale": 1.0
  },
  "Trigger": {
    "MaxCPS": 8,
    "MinCPS": 5
  },
  "TrueSight": {
    "Barriers": true,
    "Entities": true
  },
  "Velocity": {
    "Horizontal": 0.0,
    "Vertical": 0.0,
    "VelocityTick": 10,
    "Mode": "Tick",
    "ReverseStrength": 1.0,
    "SmoothReverseStrength": 0.05,
    "AACPushXZReducer": 2.0,
    "AACPushYReducer": true,
    "AACv4MotionReducer": 0.62
  },
  "WallClimb": {
    "Mode": "Simple",
    "ClipMode": "Fast",
    "CheckerClimbMotion": 0.0
  },
  "WaterSpeed": {
    "Speed": 1.2
  },
  "Zoot": {
    "BadEffects": true,
    "Fire": true,
    "NoAir": false
  }
}
